{"cameraMode":{"drawMode":0,"name":"Shaded","section":"Shading Mode"},"sceneLighting":true,"audioPlay":false,"sceneViewState":{"m_AlwaysRefresh":false,"showFog":true,"showSkybox":true,"showFlares":true,"showImageEffects":true,"showParticleSystems":true,"showVisualEffectGraphs":true,"m_FxEnabled":true},"in2DMode":false,"pivot":{"x":20.026487350463868,"y":4.2169952392578129,"z":18.771421432495118},"rotation":{"x":0.2727735936641693,"y":0.4046855866909027,"z":-0.12784920632839204,"w":0.8634185791015625},"size":25.468935012817384,"orthographic":true}